LOCATION,INDICATOR,SUBJECT,MEASURE,FREQUENCY,TIME,Unadjusted gender wage gap (%),Flag Codes,primary_key
AUS,WAGEGAP,EMPLOYEE,PC,A,1975,21.58273381,,AUS_1975
AUS,WAGEGAP,EMPLOYEE,PC,A,1976,20.75471698,,AUS_1976
AUS,WAGEGAP,EMPLOYEE,PC,A,1977,18.3908046,,AUS_1977
AUS,WAGEGAP,EMPLOYEE,PC,A,1978,19.79166667,,AUS_1978
AUS,WAGEGAP,EMPLOYEE,PC,A,1979,20,,AUS_1979
AUS,WAGEGAP,EMPLOYEE,PC,A,1980,18.75,,AUS_1980
AUS,WAGEGAP,EMPLOYEE,PC,A,1981,18.25396825,,AUS_1981
AUS,WAGEGAP,EMPLOYEE,PC,A,1982,20.81911263,,AUS_1982
AUS,WAGEGAP,EMPLOYEE,PC,A,1983,19.15584416,,AUS_1983
AUS,WAGEGAP,EMPLOYEE,PC,A,1984,18.6746988,,AUS_1984
AUS,WAGEGAP,EMPLOYEE,PC,A,1985,19.60784314,,AUS_1985
AUS,WAGEGAP,EMPLOYEE,PC,A,1986,18.84816754,,AUS_1986
AUS,WAGEGAP,EMPLOYEE,PC,A,1987,18.51851852,,AUS_1987
AUS,WAGEGAP,EMPLOYEE,PC,A,1988,18.79350348,,AUS_1988
AUS,WAGEGAP,EMPLOYEE,PC,A,1989,18.58974359,,AUS_1989
AUS,WAGEGAP,EMPLOYEE,PC,A,1990,18.18181818,,AUS_1990
AUS,WAGEGAP,EMPLOYEE,PC,A,1991,16.015625,,AUS_1991
AUS,WAGEGAP,EMPLOYEE,PC,A,1992,14.25855513,,AUS_1992
AUS,WAGEGAP,EMPLOYEE,PC,A,1993,13.22463768,,AUS_1993
AUS,WAGEGAP,EMPLOYEE,PC,A,1994,14.40972222,,AUS_1994
AUS,WAGEGAP,EMPLOYEE,PC,A,1995,14.47811448,,AUS_1995
AUS,WAGEGAP,EMPLOYEE,PC,A,1997,15.25423729,,AUS_1997
AUS,WAGEGAP,EMPLOYEE,PC,A,1998,13.24200913,,AUS_1998
AUS,WAGEGAP,EMPLOYEE,PC,A,1999,14.28571429,,AUS_1999
AUS,WAGEGAP,EMPLOYEE,PC,A,2000,17.2,,AUS_2000
AUS,WAGEGAP,EMPLOYEE,PC,A,2001,14.34210526,,AUS_2001
AUS,WAGEGAP,EMPLOYEE,PC,A,2002,15,,AUS_2002
AUS,WAGEGAP,EMPLOYEE,PC,A,2003,13.04347826,,AUS_2003
AUS,WAGEGAP,EMPLOYEE,PC,A,2004,14.35294118,,AUS_2004
AUS,WAGEGAP,EMPLOYEE,PC,A,2005,15.77777778,,AUS_2005
AUS,WAGEGAP,EMPLOYEE,PC,A,2006,16.66666667,,AUS_2006
AUS,WAGEGAP,EMPLOYEE,PC,A,2007,15.4,,AUS_2007
AUS,WAGEGAP,EMPLOYEE,PC,A,2008,11.93737769,,AUS_2008
AUS,WAGEGAP,EMPLOYEE,PC,A,2009,16.36363636,,AUS_2009
AUS,WAGEGAP,EMPLOYEE,PC,A,2010,14.04293381,,AUS_2010
AUS,WAGEGAP,EMPLOYEE,PC,A,2011,15.96638656,,AUS_2011
AUS,WAGEGAP,EMPLOYEE,PC,A,2012,13.75,,AUS_2012
AUS,WAGEGAP,EMPLOYEE,PC,A,2013,18,,AUS_2013
AUS,WAGEGAP,EMPLOYEE,PC,A,2014,15.38461539,,AUS_2014
AUS,WAGEGAP,EMPLOYEE,PC,A,2015,13,,AUS_2015
AUS,WAGEGAP,EMPLOYEE,PC,A,2016,11.53846154,,AUS_2016
AUS,WAGEGAP,EMPLOYEE,PC,A,2017,11.66419019,,AUS_2017
AUS,WAGEGAP,EMPLOYEE,PC,A,2018,11.71428571,,AUS_2018
AUT,WAGEGAP,EMPLOYEE,PC,A,2000,23.14194309,,AUT_2000
AUT,WAGEGAP,EMPLOYEE,PC,A,2001,22.80181782,,AUT_2001
AUT,WAGEGAP,EMPLOYEE,PC,A,2002,24.48922362,,AUT_2002
AUT,WAGEGAP,EMPLOYEE,PC,A,2003,21.13692198,,AUT_2003
AUT,WAGEGAP,EMPLOYEE,PC,A,2004,22.43079216,,AUT_2004
AUT,WAGEGAP,EMPLOYEE,PC,A,2005,22.03208575,,AUT_2005
AUT,WAGEGAP,EMPLOYEE,PC,A,2006,21.85513043,,AUT_2006
AUT,WAGEGAP,EMPLOYEE,PC,A,2007,21.63427637,,AUT_2007
AUT,WAGEGAP,EMPLOYEE,PC,A,2008,20.91732027,,AUT_2008
AUT,WAGEGAP,EMPLOYEE,PC,A,2009,19.35596592,,AUT_2009
AUT,WAGEGAP,EMPLOYEE,PC,A,2010,19.18886268,,AUT_2010
AUT,WAGEGAP,EMPLOYEE,PC,A,2011,18.55055412,,AUT_2011
AUT,WAGEGAP,EMPLOYEE,PC,A,2012,18.18505684,,AUT_2012
AUT,WAGEGAP,EMPLOYEE,PC,A,2013,18.05321141,,AUT_2013
AUT,WAGEGAP,EMPLOYEE,PC,A,2014,17.72888425,,AUT_2014
AUT,WAGEGAP,EMPLOYEE,PC,A,2015,17.04325299,,AUT_2015
AUT,WAGEGAP,EMPLOYEE,PC,A,2016,15.67089964,,AUT_2016
AUT,WAGEGAP,EMPLOYEE,PC,A,2017,15.38215397,,AUT_2017
BEL,WAGEGAP,EMPLOYEE,PC,A,1999,15.18298714,,BEL_1999
BEL,WAGEGAP,EMPLOYEE,PC,A,2000,13.59923114,,BEL_2000
BEL,WAGEGAP,EMPLOYEE,PC,A,2001,13.18681319,,BEL_2001
BEL,WAGEGAP,EMPLOYEE,PC,A,2002,11.60471442,,BEL_2002
BEL,WAGEGAP,EMPLOYEE,PC,A,2003,15.20518359,,BEL_2003
BEL,WAGEGAP,EMPLOYEE,PC,A,2004,11.83206107,,BEL_2004
BEL,WAGEGAP,EMPLOYEE,PC,A,2005,11.51109251,,BEL_2005
BEL,WAGEGAP,EMPLOYEE,PC,A,2006,10.25326797,,BEL_2006
BEL,WAGEGAP,EMPLOYEE,PC,A,2007,9.873617694,,BEL_2007
BEL,WAGEGAP,EMPLOYEE,PC,A,2008,8.915753683,,BEL_2008
BEL,WAGEGAP,EMPLOYEE,PC,A,2009,7.480461481,,BEL_2009
BEL,WAGEGAP,EMPLOYEE,PC,A,2010,7.04379562,,BEL_2010
BEL,WAGEGAP,EMPLOYEE,PC,A,2011,5.838108883,,BEL_2011
BEL,WAGEGAP,EMPLOYEE,PC,A,2012,6.411149826,,BEL_2012
BEL,WAGEGAP,EMPLOYEE,PC,A,2013,5.912863071,,BEL_2013
BEL,WAGEGAP,EMPLOYEE,PC,A,2014,3.298900367,,BEL_2014
BEL,WAGEGAP,EMPLOYEE,PC,A,2015,4.672,,BEL_2015
BEL,WAGEGAP,EMPLOYEE,PC,A,2016,3.701298701,,BEL_2016
CAN,WAGEGAP,EMPLOYEE,PC,A,1997,24.70588235,,CAN_1997
CAN,WAGEGAP,EMPLOYEE,PC,A,1998,24.85549133,,CAN_1998
CAN,WAGEGAP,EMPLOYEE,PC,A,1999,24,,CAN_1999
CAN,WAGEGAP,EMPLOYEE,PC,A,2000,23.875,,CAN_2000
CAN,WAGEGAP,EMPLOYEE,PC,A,2001,24.32457913,,CAN_2001
CAN,WAGEGAP,EMPLOYEE,PC,A,2002,24.0131579,,CAN_2002
CAN,WAGEGAP,EMPLOYEE,PC,A,2003,22.50234034,,CAN_2003
CAN,WAGEGAP,EMPLOYEE,PC,A,2004,22.71794872,,CAN_2004
CAN,WAGEGAP,EMPLOYEE,PC,A,2005,21.25,,CAN_2005
CAN,WAGEGAP,EMPLOYEE,PC,A,2006,21.12332112,,CAN_2006
CAN,WAGEGAP,EMPLOYEE,PC,A,2007,20.80823529,,CAN_2007
CAN,WAGEGAP,EMPLOYEE,PC,A,2008,20.45454546,,CAN_2008
CAN,WAGEGAP,EMPLOYEE,PC,A,2009,20.13186813,,CAN_2009
CAN,WAGEGAP,EMPLOYEE,PC,A,2010,18.97746967,,CAN_2010
CAN,WAGEGAP,EMPLOYEE,PC,A,2011,19.17553192,,CAN_2011
CAN,WAGEGAP,EMPLOYEE,PC,A,2012,19.51123128,,CAN_2012
CAN,WAGEGAP,EMPLOYEE,PC,A,2013,19.30323498,,CAN_2013
CAN,WAGEGAP,EMPLOYEE,PC,A,2014,19.229,,CAN_2014
CAN,WAGEGAP,EMPLOYEE,PC,A,2015,18.62745098,,CAN_2015
CAN,WAGEGAP,EMPLOYEE,PC,A,2016,18.22115385,,CAN_2016
CAN,WAGEGAP,EMPLOYEE,PC,A,2017,18.17322239,,CAN_2017
CAN,WAGEGAP,EMPLOYEE,PC,A,2018,18.51851852,,CAN_2018
CZE,WAGEGAP,EMPLOYEE,PC,A,1996,18.28985624,,CZE_1996
CZE,WAGEGAP,EMPLOYEE,PC,A,1997,18.42904374,,CZE_1997
CZE,WAGEGAP,EMPLOYEE,PC,A,1999,19.03031426,,CZE_1999
CZE,WAGEGAP,EMPLOYEE,PC,A,2001,16.87662165,,CZE_2001
CZE,WAGEGAP,EMPLOYEE,PC,A,2002,15.95069783,,CZE_2002
CZE,WAGEGAP,EMPLOYEE,PC,A,2003,15.63749732,,CZE_2003
CZE,WAGEGAP,EMPLOYEE,PC,A,2004,16.14681968,,CZE_2004
CZE,WAGEGAP,EMPLOYEE,PC,A,2005,15.93892946,,CZE_2005
CZE,WAGEGAP,EMPLOYEE,PC,A,2006,15.35176621,,CZE_2006
CZE,WAGEGAP,EMPLOYEE,PC,A,2007,16.93153188,,CZE_2007
CZE,WAGEGAP,EMPLOYEE,PC,A,2008,17.87301988,,CZE_2008
CZE,WAGEGAP,EMPLOYEE,PC,A,2009,15.10501797,,CZE_2009
CZE,WAGEGAP,EMPLOYEE,PC,A,2010,15.79850307,,CZE_2010
CZE,WAGEGAP,EMPLOYEE,PC,A,2011,16.3296567,,CZE_2011
CZE,WAGEGAP,EMPLOYEE,PC,A,2012,15.26297988,,CZE_2012
CZE,WAGEGAP,EMPLOYEE,PC,A,2013,15.37883532,,CZE_2013
CZE,WAGEGAP,EMPLOYEE,PC,A,2014,16.2545602,,CZE_2014
CZE,WAGEGAP,EMPLOYEE,PC,A,2015,16.45515416,,CZE_2015
CZE,WAGEGAP,EMPLOYEE,PC,A,2016,16.02343084,,CZE_2016
CZE,WAGEGAP,EMPLOYEE,PC,A,2017,15.61401089,,CZE_2017
CZE,WAGEGAP,EMPLOYEE,PC,A,2018,15.12741386,,CZE_2018
DNK,WAGEGAP,EMPLOYEE,PC,A,2002,10.79707571,,DNK_2002
DNK,WAGEGAP,EMPLOYEE,PC,A,2003,9.921804094,,DNK_2003
DNK,WAGEGAP,EMPLOYEE,PC,A,2004,10.18220538,,DNK_2004
DNK,WAGEGAP,EMPLOYEE,PC,A,2005,10.16733044,,DNK_2005
DNK,WAGEGAP,EMPLOYEE,PC,A,2006,10.17206126,,DNK_2006
DNK,WAGEGAP,EMPLOYEE,PC,A,2007,9.850297951,,DNK_2007
DNK,WAGEGAP,EMPLOYEE,PC,A,2008,10.18354903,,DNK_2008
DNK,WAGEGAP,EMPLOYEE,PC,A,2009,10.17200506,,DNK_2009
DNK,WAGEGAP,EMPLOYEE,PC,A,2010,8.895098479,,DNK_2010
DNK,WAGEGAP,EMPLOYEE,PC,A,2011,7.947197254,,DNK_2011
DNK,WAGEGAP,EMPLOYEE,PC,A,2012,6.999844876,,DNK_2012
DNK,WAGEGAP,EMPLOYEE,PC,A,2013,6.768911945,,DNK_2013
DNK,WAGEGAP,EMPLOYEE,PC,A,2014,6.323865695,,DNK_2014
DNK,WAGEGAP,EMPLOYEE,PC,A,2015,5.836048113,,DNK_2015
DNK,WAGEGAP,EMPLOYEE,PC,A,2016,5.732628038,,DNK_2016
DNK,WAGEGAP,EMPLOYEE,PC,A,2017,5.296691966,,DNK_2017
FIN,WAGEGAP,EMPLOYEE,PC,A,1977,27.69040181,,FIN_1977
FIN,WAGEGAP,EMPLOYEE,PC,A,1978,27.0886076,,FIN_1978
FIN,WAGEGAP,EMPLOYEE,PC,A,1979,27.16894977,,FIN_1979
FIN,WAGEGAP,EMPLOYEE,PC,A,1980,26.62381868,,FIN_1980
FIN,WAGEGAP,EMPLOYEE,PC,A,1982,25.96153846,,FIN_1982
FIN,WAGEGAP,EMPLOYEE,PC,A,1983,25.63174292,,FIN_1983
FIN,WAGEGAP,EMPLOYEE,PC,A,1984,23.4270415,,FIN_1984
FIN,WAGEGAP,EMPLOYEE,PC,A,1986,22.53142039,,FIN_1986
FIN,WAGEGAP,EMPLOYEE,PC,A,1987,23.61284007,,FIN_1987
FIN,WAGEGAP,EMPLOYEE,PC,A,1988,23.04579444,,FIN_1988
FIN,WAGEGAP,EMPLOYEE,PC,A,1989,23.5590355,,FIN_1989
FIN,WAGEGAP,EMPLOYEE,PC,A,1990,22.862102,,FIN_1990
FIN,WAGEGAP,EMPLOYEE,PC,A,1991,21.46774696,,FIN_1991
FIN,WAGEGAP,EMPLOYEE,PC,A,1992,20.28498619,,FIN_1992
FIN,WAGEGAP,EMPLOYEE,PC,A,1993,21.9848125,,FIN_1993
FIN,WAGEGAP,EMPLOYEE,PC,A,1994,23.14957875,,FIN_1994
FIN,WAGEGAP,EMPLOYEE,PC,A,1995,22.40219409,,FIN_1995
FIN,WAGEGAP,EMPLOYEE,PC,A,1996,20.58266966,,FIN_1996
FIN,WAGEGAP,EMPLOYEE,PC,A,1997,21.33201166,,FIN_1997
FIN,WAGEGAP,EMPLOYEE,PC,A,1998,20.80042641,,FIN_1998
FIN,WAGEGAP,EMPLOYEE,PC,A,1999,21.71623611,,FIN_1999
FIN,WAGEGAP,EMPLOYEE,PC,A,2000,20.42748918,,FIN_2000
FIN,WAGEGAP,EMPLOYEE,PC,A,2001,21.23909129,,FIN_2001
FIN,WAGEGAP,EMPLOYEE,PC,A,2002,20.37320281,,FIN_2002
FIN,WAGEGAP,EMPLOYEE,PC,A,2003,20.09925558,,FIN_2003
FIN,WAGEGAP,EMPLOYEE,PC,A,2004,20.01515104,,FIN_2004
FIN,WAGEGAP,EMPLOYEE,PC,A,2005,18.94169403,,FIN_2005
FIN,WAGEGAP,EMPLOYEE,PC,A,2006,19.37479454,,FIN_2006
FIN,WAGEGAP,EMPLOYEE,PC,A,2007,21.37690409,,FIN_2007
FIN,WAGEGAP,EMPLOYEE,PC,A,2008,21.23395266,,FIN_2008
FIN,WAGEGAP,EMPLOYEE,PC,A,2009,19.67567279,,FIN_2009
FIN,WAGEGAP,EMPLOYEE,PC,A,2010,18.87699985,,FIN_2010
FIN,WAGEGAP,EMPLOYEE,PC,A,2011,18.6076171,,FIN_2011
FIN,WAGEGAP,EMPLOYEE,PC,A,2012,18.72607453,,FIN_2012
FIN,WAGEGAP,EMPLOYEE,PC,A,2013,20.17843271,,FIN_2013
FIN,WAGEGAP,EMPLOYEE,PC,A,2014,19.60907945,,FIN_2014
FIN,WAGEGAP,EMPLOYEE,PC,A,2015,18.05598132,,FIN_2015
FIN,WAGEGAP,EMPLOYEE,PC,A,2016,16.47225837,,FIN_2016
FIN,WAGEGAP,EMPLOYEE,PC,A,2017,17.71792064,,FIN_2017
FRA,WAGEGAP,EMPLOYEE,PC,A,1995,14.57146556,,FRA_1995
FRA,WAGEGAP,EMPLOYEE,PC,A,1996,15.62995371,,FRA_1996
FRA,WAGEGAP,EMPLOYEE,PC,A,1997,15.38029925,,FRA_1997
FRA,WAGEGAP,EMPLOYEE,PC,A,1998,14.57385316,,FRA_1998
FRA,WAGEGAP,EMPLOYEE,PC,A,1999,14.32044736,,FRA_1999
FRA,WAGEGAP,EMPLOYEE,PC,A,2000,14.5712405,,FRA_2000
FRA,WAGEGAP,EMPLOYEE,PC,A,2001,15.12546061,,FRA_2001
FRA,WAGEGAP,EMPLOYEE,PC,A,2002,15.20524515,,FRA_2002
FRA,WAGEGAP,EMPLOYEE,PC,A,2003,15.14424418,,FRA_2003
FRA,WAGEGAP,EMPLOYEE,PC,A,2004,14.95429416,,FRA_2004
FRA,WAGEGAP,EMPLOYEE,PC,A,2005,14.38941076,,FRA_2005
FRA,WAGEGAP,EMPLOYEE,PC,A,2006,13.97781633,,FRA_2006
FRA,WAGEGAP,EMPLOYEE,PC,A,2007,13.96479378,,FRA_2007
FRA,WAGEGAP,EMPLOYEE,PC,A,2008,14.3442623,,FRA_2008
FRA,WAGEGAP,EMPLOYEE,PC,A,2009,14.03126664,,FRA_2009
FRA,WAGEGAP,EMPLOYEE,PC,A,2010,14.05433647,,FRA_2010
FRA,WAGEGAP,EMPLOYEE,PC,A,2011,13.95078923,,FRA_2011
FRA,WAGEGAP,EMPLOYEE,PC,A,2012,13.67282395,,FRA_2012
FRA,WAGEGAP,EMPLOYEE,PC,A,2013,13.66061421,,FRA_2013
FRA,WAGEGAP,EMPLOYEE,PC,A,2014,13.1750424,,FRA_2014
FRA,WAGEGAP,EMPLOYEE,PC,A,2015,13.04945055,,FRA_2015
DEU,WAGEGAP,EMPLOYEE,PC,A,1992,26.93544974,,DEU_1992
DEU,WAGEGAP,EMPLOYEE,PC,A,1993,23.01761252,,DEU_1993
DEU,WAGEGAP,EMPLOYEE,PC,A,1994,20.49864146,,DEU_1994
DEU,WAGEGAP,EMPLOYEE,PC,A,1995,19.411547,,DEU_1995
DEU,WAGEGAP,EMPLOYEE,PC,A,1996,20.64955752,,DEU_1996
DEU,WAGEGAP,EMPLOYEE,PC,A,1997,21.40975193,,DEU_1997
DEU,WAGEGAP,EMPLOYEE,PC,A,1998,20.89661017,,DEU_1998
DEU,WAGEGAP,EMPLOYEE,PC,A,1999,20.16949153,,DEU_1999
DEU,WAGEGAP,EMPLOYEE,PC,A,2000,19.57903098,,DEU_2000
DEU,WAGEGAP,EMPLOYEE,PC,A,2001,19.10500808,,DEU_2001
DEU,WAGEGAP,EMPLOYEE,PC,A,2002,19.07659049,,DEU_2002
DEU,WAGEGAP,EMPLOYEE,PC,A,2003,19.55457227,,DEU_2003
DEU,WAGEGAP,EMPLOYEE,PC,A,2004,21.85021772,,DEU_2004
DEU,WAGEGAP,EMPLOYEE,PC,A,2005,16.34756996,,DEU_2005
DEU,WAGEGAP,EMPLOYEE,PC,A,2006,18.12865497,,DEU_2006
DEU,WAGEGAP,EMPLOYEE,PC,A,2007,16.71554252,,DEU_2007
DEU,WAGEGAP,EMPLOYEE,PC,A,2008,16.73751796,,DEU_2008
DEU,WAGEGAP,EMPLOYEE,PC,A,2009,16.52421652,,DEU_2009
DEU,WAGEGAP,EMPLOYEE,PC,A,2010,16.69471558,,DEU_2010
DEU,WAGEGAP,EMPLOYEE,PC,A,2011,16.94444444,,DEU_2011
DEU,WAGEGAP,EMPLOYEE,PC,A,2012,15.6462585,,DEU_2012
DEU,WAGEGAP,EMPLOYEE,PC,A,2013,14.09315069,,DEU_2013
DEU,WAGEGAP,EMPLOYEE,PC,A,2014,17.1875,,DEU_2014
DEU,WAGEGAP,EMPLOYEE,PC,A,2015,15.81632653,,DEU_2015
DEU,WAGEGAP,EMPLOYEE,PC,A,2016,15.51071879,,DEU_2016
DEU,WAGEGAP,EMPLOYEE,PC,A,2017,16.19047619,,DEU_2017
GRC,WAGEGAP,EMPLOYEE,PC,A,2004,13.8755983,,GRC_2004
GRC,WAGEGAP,EMPLOYEE,PC,A,2005,16.66666569,,GRC_2005
GRC,WAGEGAP,EMPLOYEE,PC,A,2006,11.87862949,,GRC_2006
GRC,WAGEGAP,EMPLOYEE,PC,A,2007,11.62904936,,GRC_2007
GRC,WAGEGAP,EMPLOYEE,PC,A,2008,9.523771574,,GRC_2008
GRC,WAGEGAP,EMPLOYEE,PC,A,2009,9.587165735,,GRC_2009
GRC,WAGEGAP,EMPLOYEE,PC,A,2010,12.17284039,,GRC_2010
GRC,WAGEGAP,EMPLOYEE,PC,A,2011,10.71428571,,GRC_2011
GRC,WAGEGAP,EMPLOYEE,PC,A,2012,6.852802734,,GRC_2012
GRC,WAGEGAP,EMPLOYEE,PC,A,2013,11.2737313,,GRC_2013
GRC,WAGEGAP,EMPLOYEE,PC,A,2014,9.090909091,,GRC_2014
GRC,WAGEGAP,EMPLOYEE,PC,A,2015,6.25,,GRC_2015
GRC,WAGEGAP,EMPLOYEE,PC,A,2016,4.486279454,,GRC_2016
GRC,WAGEGAP,EMPLOYEE,PC,A,2017,4.486279454,,GRC_2017
HUN,WAGEGAP,EMPLOYEE,PC,A,1989,25.97997942,,HUN_1989
HUN,WAGEGAP,EMPLOYEE,PC,A,1992,17.39109272,,HUN_1992
HUN,WAGEGAP,EMPLOYEE,PC,A,1993,7.948628948,,HUN_1993
HUN,WAGEGAP,EMPLOYEE,PC,A,1994,15.18105405,,HUN_1994
HUN,WAGEGAP,EMPLOYEE,PC,A,1995,15.75400169,,HUN_1995
HUN,WAGEGAP,EMPLOYEE,PC,A,1996,17.77534924,,HUN_1996
HUN,WAGEGAP,EMPLOYEE,PC,A,1998,15.67189287,,HUN_1998
HUN,WAGEGAP,EMPLOYEE,PC,A,1999,15.30123115,,HUN_1999
HUN,WAGEGAP,EMPLOYEE,PC,A,2000,14.09876804,,HUN_2000
HUN,WAGEGAP,EMPLOYEE,PC,A,2001,13.68978149,,HUN_2001
HUN,WAGEGAP,EMPLOYEE,PC,A,2002,9.129712294,,HUN_2002
HUN,WAGEGAP,EMPLOYEE,PC,A,2003,1.47600449,,HUN_2003
HUN,WAGEGAP,EMPLOYEE,PC,A,2004,3.034373765,,HUN_2004
HUN,WAGEGAP,EMPLOYEE,PC,A,2005,4.021526574,,HUN_2005
HUN,WAGEGAP,EMPLOYEE,PC,A,2006,0.384387036,,HUN_2006
HUN,WAGEGAP,EMPLOYEE,PC,A,2007,3.648106127,,HUN_2007
HUN,WAGEGAP,EMPLOYEE,PC,A,2008,2.22065446,,HUN_2008
HUN,WAGEGAP,EMPLOYEE,PC,A,2009,3.87608807,,HUN_2009
HUN,WAGEGAP,EMPLOYEE,PC,A,2010,6.381712252,,HUN_2010
HUN,WAGEGAP,EMPLOYEE,PC,A,2011,6.863905325,,HUN_2011
HUN,WAGEGAP,EMPLOYEE,PC,A,2012,11.33246244,,HUN_2012
HUN,WAGEGAP,EMPLOYEE,PC,A,2013,8.723650635,,HUN_2013
HUN,WAGEGAP,EMPLOYEE,PC,A,2014,3.772605527,,HUN_2014
HUN,WAGEGAP,EMPLOYEE,PC,A,2015,9.523809524,,HUN_2015
HUN,WAGEGAP,EMPLOYEE,PC,A,2016,9.364317181,,HUN_2016
ISL,WAGEGAP,EMPLOYEE,PC,A,2004,19.22546311,,ISL_2004
ISL,WAGEGAP,EMPLOYEE,PC,A,2005,13.19922915,,ISL_2005
ISL,WAGEGAP,EMPLOYEE,PC,A,2006,12.40007676,,ISL_2006
ISL,WAGEGAP,EMPLOYEE,PC,A,2007,15.89033019,,ISL_2007
ISL,WAGEGAP,EMPLOYEE,PC,A,2008,13.32855933,,ISL_2008
ISL,WAGEGAP,EMPLOYEE,PC,A,2009,15.97781278,,ISL_2009
ISL,WAGEGAP,EMPLOYEE,PC,A,2010,14.31478361,,ISL_2010
ISL,WAGEGAP,EMPLOYEE,PC,A,2011,14.07981281,,ISL_2011
ISL,WAGEGAP,EMPLOYEE,PC,A,2013,14.52746364,,ISL_2013
ISL,WAGEGAP,EMPLOYEE,PC,A,2014,13.59348947,,ISL_2014
ISL,WAGEGAP,EMPLOYEE,PC,A,2015,9.931403069,,ISL_2015
ISL,WAGEGAP,EMPLOYEE,PC,A,2016,11.54344632,,ISL_2016
IRL,WAGEGAP,EMPLOYEE,PC,A,2002,17.19813687,,IRL_2002
IRL,WAGEGAP,EMPLOYEE,PC,A,2006,18.58622791,,IRL_2006
IRL,WAGEGAP,EMPLOYEE,PC,A,2010,14.34586466,,IRL_2010
IRL,WAGEGAP,EMPLOYEE,PC,A,2014,10.60606061,,IRL_2014
ITA,WAGEGAP,EMPLOYEE,PC,A,1986,17.24137931,,ITA_1986
ITA,WAGEGAP,EMPLOYEE,PC,A,1987,15.625,,ITA_1987
ITA,WAGEGAP,EMPLOYEE,PC,A,1989,11.11111111,,ITA_1989
ITA,WAGEGAP,EMPLOYEE,PC,A,1991,10,,ITA_1991
ITA,WAGEGAP,EMPLOYEE,PC,A,1993,11.50442478,,ITA_1993
ITA,WAGEGAP,EMPLOYEE,PC,A,1995,14.58333334,,ITA_1995
ITA,WAGEGAP,EMPLOYEE,PC,A,1998,7.692307688,,ITA_1998
ITA,WAGEGAP,EMPLOYEE,PC,A,2000,8.518518525,,ITA_2000
ITA,WAGEGAP,EMPLOYEE,PC,A,2002,10.34482759,,ITA_2002
ITA,WAGEGAP,EMPLOYEE,PC,A,2004,6.666666664,,ITA_2004
ITA,WAGEGAP,EMPLOYEE,PC,A,2006,7.692307695,,ITA_2006
ITA,WAGEGAP,EMPLOYEE,PC,A,2008,11.76470588,,ITA_2008
ITA,WAGEGAP,EMPLOYEE,PC,A,2010,9.940335475,,ITA_2010
ITA,WAGEGAP,EMPLOYEE,PC,A,2012,11.11111111,,ITA_2012
ITA,WAGEGAP,EMPLOYEE,PC,A,2014,5.555555553,,ITA_2014
ITA,WAGEGAP,EMPLOYEE,PC,A,2016,5.555555553,,ITA_2016
JPN,WAGEGAP,EMPLOYEE,PC,A,1975,42.38975818,,JPN_1975
JPN,WAGEGAP,EMPLOYEE,PC,A,1976,39.74175036,,JPN_1976
JPN,WAGEGAP,EMPLOYEE,PC,A,1977,40.32679739,,JPN_1977
JPN,WAGEGAP,EMPLOYEE,PC,A,1978,40.5654579,,JPN_1978
JPN,WAGEGAP,EMPLOYEE,PC,A,1979,41.31319001,,JPN_1979
JPN,WAGEGAP,EMPLOYEE,PC,A,1980,41.68030551,,JPN_1980
JPN,WAGEGAP,EMPLOYEE,PC,A,1981,41.95696721,,JPN_1981
JPN,WAGEGAP,EMPLOYEE,PC,A,1982,42.15925745,,JPN_1982
JPN,WAGEGAP,EMPLOYEE,PC,A,1983,41.90340909,,JPN_1983
JPN,WAGEGAP,EMPLOYEE,PC,A,1984,41.9340055,,JPN_1984
JPN,WAGEGAP,EMPLOYEE,PC,A,1985,41.65927241,,JPN_1985
JPN,WAGEGAP,EMPLOYEE,PC,A,1986,41.60552439,,JPN_1986
JPN,WAGEGAP,EMPLOYEE,PC,A,1987,41.22621565,,JPN_1987
JPN,WAGEGAP,EMPLOYEE,PC,A,1988,41.01821192,,JPN_1988
JPN,WAGEGAP,EMPLOYEE,PC,A,1989,40.9633758,,JPN_1989
JPN,WAGEGAP,EMPLOYEE,PC,A,1990,40.59893859,,JPN_1990
JPN,WAGEGAP,EMPLOYEE,PC,A,1991,39.8989899,,JPN_1991
JPN,WAGEGAP,EMPLOYEE,PC,A,1992,38.88499299,,JPN_1992
JPN,WAGEGAP,EMPLOYEE,PC,A,1993,38.45094664,,JPN_1993
JPN,WAGEGAP,EMPLOYEE,PC,A,1994,37.81597573,,JPN_1994
JPN,WAGEGAP,EMPLOYEE,PC,A,1995,37.090301,,JPN_1995
JPN,WAGEGAP,EMPLOYEE,PC,A,1996,36.8473232,,JPN_1996
JPN,WAGEGAP,EMPLOYEE,PC,A,1997,36.52145431,,JPN_1997
JPN,WAGEGAP,EMPLOYEE,PC,A,1998,35.307667,,JPN_1998
JPN,WAGEGAP,EMPLOYEE,PC,A,1999,34.55083909,,JPN_1999
JPN,WAGEGAP,EMPLOYEE,PC,A,2000,33.85930309,,JPN_2000
JPN,WAGEGAP,EMPLOYEE,PC,A,2001,33.86467144,,JPN_2001
JPN,WAGEGAP,EMPLOYEE,PC,A,2002,32.52972259,,JPN_2002
JPN,WAGEGAP,EMPLOYEE,PC,A,2003,31.99735012,,JPN_2003
JPN,WAGEGAP,EMPLOYEE,PC,A,2004,31.08739159,,JPN_2004
JPN,WAGEGAP,EMPLOYEE,PC,A,2005,32.82543889,,JPN_2005
JPN,WAGEGAP,EMPLOYEE,PC,A,2006,32.98083278,,JPN_2006
JPN,WAGEGAP,EMPLOYEE,PC,A,2007,31.7423231,,JPN_2007
JPN,WAGEGAP,EMPLOYEE,PC,A,2008,30.69439785,,JPN_2008
JPN,WAGEGAP,EMPLOYEE,PC,A,2009,28.28492393,,JPN_2009
JPN,WAGEGAP,EMPLOYEE,PC,A,2010,28.68430093,,JPN_2010
JPN,WAGEGAP,EMPLOYEE,PC,A,2011,27.39536493,,JPN_2011
JPN,WAGEGAP,EMPLOYEE,PC,A,2012,26.52354571,,JPN_2012
JPN,WAGEGAP,EMPLOYEE,PC,A,2013,26.58757851,,JPN_2013
JPN,WAGEGAP,EMPLOYEE,PC,A,2014,25.87099,,JPN_2014
JPN,WAGEGAP,EMPLOYEE,PC,A,2015,25.73179033,,JPN_2015
JPN,WAGEGAP,EMPLOYEE,PC,A,2016,24.60128945,,JPN_2016
JPN,WAGEGAP,EMPLOYEE,PC,A,2017,24.51809266,,JPN_2017
KOR,WAGEGAP,EMPLOYEE,PC,A,1985,52.77623551,,KOR_1985
KOR,WAGEGAP,EMPLOYEE,PC,A,1992,46.96548718,,KOR_1992
KOR,WAGEGAP,EMPLOYEE,PC,A,1993,47.26031779,,KOR_1993
KOR,WAGEGAP,EMPLOYEE,PC,A,1994,45.50637632,,KOR_1994
KOR,WAGEGAP,EMPLOYEE,PC,A,1995,44.18220588,,KOR_1995
KOR,WAGEGAP,EMPLOYEE,PC,A,1996,43.28277957,,KOR_1996
KOR,WAGEGAP,EMPLOYEE,PC,A,1997,42.21548579,,KOR_1997
KOR,WAGEGAP,EMPLOYEE,PC,A,1998,42.02184197,,KOR_1998
KOR,WAGEGAP,EMPLOYEE,PC,A,1999,41.80339811,,KOR_1999
KOR,WAGEGAP,EMPLOYEE,PC,A,2000,41.65435244,,KOR_2000
KOR,WAGEGAP,EMPLOYEE,PC,A,2001,40.41614049,,KOR_2001
KOR,WAGEGAP,EMPLOYEE,PC,A,2002,41.02851279,,KOR_2002
KOR,WAGEGAP,EMPLOYEE,PC,A,2003,40.08315463,,KOR_2003
KOR,WAGEGAP,EMPLOYEE,PC,A,2004,39.62354825,,KOR_2004
KOR,WAGEGAP,EMPLOYEE,PC,A,2005,39.61663236,,KOR_2005
KOR,WAGEGAP,EMPLOYEE,PC,A,2006,39.77414431,,KOR_2006
KOR,WAGEGAP,EMPLOYEE,PC,A,2007,38.16206428,,KOR_2007
KOR,WAGEGAP,EMPLOYEE,PC,A,2008,39.03744173,,KOR_2008
KOR,WAGEGAP,EMPLOYEE,PC,A,2009,38.6146827,,KOR_2009
KOR,WAGEGAP,EMPLOYEE,PC,A,2010,39.60585734,,KOR_2010
KOR,WAGEGAP,EMPLOYEE,PC,A,2011,36.5642295,,KOR_2011
KOR,WAGEGAP,EMPLOYEE,PC,A,2012,36.29852997,,KOR_2012
KOR,WAGEGAP,EMPLOYEE,PC,A,2013,36.59963437,,KOR_2013
KOR,WAGEGAP,EMPLOYEE,PC,A,2014,36.65317614,,KOR_2014
KOR,WAGEGAP,EMPLOYEE,PC,A,2015,37.17628175,,KOR_2015
KOR,WAGEGAP,EMPLOYEE,PC,A,2016,36.66666667,,KOR_2016
KOR,WAGEGAP,EMPLOYEE,PC,A,2017,34.61738256,,KOR_2017
KOR,WAGEGAP,EMPLOYEE,PC,A,2018,34.10731095,,KOR_2018
LUX,WAGEGAP,EMPLOYEE,PC,A,2002,15.08852964,,LUX_2002
LUX,WAGEGAP,EMPLOYEE,PC,A,2006,7.668067227,,LUX_2006
LUX,WAGEGAP,EMPLOYEE,PC,A,2010,4.592164419,,LUX_2010
LUX,WAGEGAP,EMPLOYEE,PC,A,2014,3.402916786,,LUX_2014
MEX,WAGEGAP,EMPLOYEE,PC,A,2005,16.66666667,,MEX_2005
MEX,WAGEGAP,EMPLOYEE,PC,A,2006,18.60465116,,MEX_2006
MEX,WAGEGAP,EMPLOYEE,PC,A,2007,12.5,,MEX_2007
MEX,WAGEGAP,EMPLOYEE,PC,A,2008,22.22222222,,MEX_2008
MEX,WAGEGAP,EMPLOYEE,PC,A,2009,16.66666667,,MEX_2009
MEX,WAGEGAP,EMPLOYEE,PC,A,2010,11.62790698,,MEX_2010
MEX,WAGEGAP,EMPLOYEE,PC,A,2011,10,,MEX_2011
MEX,WAGEGAP,EMPLOYEE,PC,A,2012,13.55555556,,MEX_2012
MEX,WAGEGAP,EMPLOYEE,PC,A,2013,15.43340381,,MEX_2013
MEX,WAGEGAP,EMPLOYEE,PC,A,2014,18.3,,MEX_2014
MEX,WAGEGAP,EMPLOYEE,PC,A,2015,16.66666667,,MEX_2015
MEX,WAGEGAP,EMPLOYEE,PC,A,2016,16.49224806,,MEX_2016
MEX,WAGEGAP,EMPLOYEE,PC,A,2017,11.11111111,,MEX_2017
MEX,WAGEGAP,EMPLOYEE,PC,A,2018,14,,MEX_2018
NLD,WAGEGAP,EMPLOYEE,PC,A,2002,16.05038602,,NLD_2002
NLD,WAGEGAP,EMPLOYEE,PC,A,2006,16.00806452,,NLD_2006
NLD,WAGEGAP,EMPLOYEE,PC,A,2010,17.88914703,,NLD_2010
NLD,WAGEGAP,EMPLOYEE,PC,A,2014,14.11468179,,NLD_2014
NZL,WAGEGAP,EMPLOYEE,PC,A,1984,21.474652,,NZL_1984
NZL,WAGEGAP,EMPLOYEE,PC,A,1986,23.01499874,,NZL_1986
NZL,WAGEGAP,EMPLOYEE,PC,A,1988,20.28923374,,NZL_1988
NZL,WAGEGAP,EMPLOYEE,PC,A,1990,17.11112352,,NZL_1990
NZL,WAGEGAP,EMPLOYEE,PC,A,1992,15.57156471,,NZL_1992
NZL,WAGEGAP,EMPLOYEE,PC,A,1994,13.30243244,,NZL_1994
NZL,WAGEGAP,EMPLOYEE,PC,A,1995,13.68282986,,NZL_1995
NZL,WAGEGAP,EMPLOYEE,PC,A,1996,20.39488599,,NZL_1996
NZL,WAGEGAP,EMPLOYEE,PC,A,1997,12.70949716,,NZL_1997
NZL,WAGEGAP,EMPLOYEE,PC,A,1998,11.4,,NZL_1998
NZL,WAGEGAP,EMPLOYEE,PC,A,1999,8.333333333,,NZL_1999
NZL,WAGEGAP,EMPLOYEE,PC,A,2000,7.166556072,,NZL_2000
NZL,WAGEGAP,EMPLOYEE,PC,A,2001,8.056265985,,NZL_2001
NZL,WAGEGAP,EMPLOYEE,PC,A,2002,7.3125,,NZL_2002
NZL,WAGEGAP,EMPLOYEE,PC,A,2003,7.692307692,,NZL_2003
NZL,WAGEGAP,EMPLOYEE,PC,A,2004,8.076699593,,NZL_2004
NZL,WAGEGAP,EMPLOYEE,PC,A,2005,9.611111111,,NZL_2005
NZL,WAGEGAP,EMPLOYEE,PC,A,2006,9.333333333,,NZL_2006
NZL,WAGEGAP,EMPLOYEE,PC,A,2007,7.142857143,,NZL_2007
NZL,WAGEGAP,EMPLOYEE,PC,A,2008,8.053691275,,NZL_2008
NZL,WAGEGAP,EMPLOYEE,PC,A,2009,8.759124088,,NZL_2009
NZL,WAGEGAP,EMPLOYEE,PC,A,2010,7.011235955,,NZL_2010
NZL,WAGEGAP,EMPLOYEE,PC,A,2011,4.533333333,,NZL_2011
NZL,WAGEGAP,EMPLOYEE,PC,A,2012,5.907906169,,NZL_2012
NZL,WAGEGAP,EMPLOYEE,PC,A,2013,6.594323873,,NZL_2013
NZL,WAGEGAP,EMPLOYEE,PC,A,2014,6.083333333,,NZL_2014
NZL,WAGEGAP,EMPLOYEE,PC,A,2015,7.92,,NZL_2015
NZL,WAGEGAP,EMPLOYEE,PC,A,2016,7.769230769,,NZL_2016
NZL,WAGEGAP,EMPLOYEE,PC,A,2017,7.150837989,,NZL_2017
NZL,WAGEGAP,EMPLOYEE,PC,A,2018,7.869692533,,NZL_2018
NOR,WAGEGAP,EMPLOYEE,PC,A,1997,10.06647168,,NOR_1997
NOR,WAGEGAP,EMPLOYEE,PC,A,1998,10.08034702,,NOR_1998
NOR,WAGEGAP,EMPLOYEE,PC,A,1999,10.14072454,,NOR_1999
NOR,WAGEGAP,EMPLOYEE,PC,A,2000,10.18854242,,NOR_2000
NOR,WAGEGAP,EMPLOYEE,PC,A,2001,10.74286708,,NOR_2001
NOR,WAGEGAP,EMPLOYEE,PC,A,2002,10.68187393,,NOR_2002
NOR,WAGEGAP,EMPLOYEE,PC,A,2003,10.21170116,,NOR_2003
NOR,WAGEGAP,EMPLOYEE,PC,A,2004,9.70579198,,NOR_2004
NOR,WAGEGAP,EMPLOYEE,PC,A,2005,9.388516033,,NOR_2005
NOR,WAGEGAP,EMPLOYEE,PC,A,2006,9.162434733,,NOR_2006
NOR,WAGEGAP,EMPLOYEE,PC,A,2007,9.831148259,,NOR_2007
NOR,WAGEGAP,EMPLOYEE,PC,A,2008,9.23566879,,NOR_2008
NOR,WAGEGAP,EMPLOYEE,PC,A,2009,8.66873065,,NOR_2009
NOR,WAGEGAP,EMPLOYEE,PC,A,2010,8.059701493,,NOR_2010
NOR,WAGEGAP,EMPLOYEE,PC,A,2011,7.780979827,,NOR_2011
NOR,WAGEGAP,EMPLOYEE,PC,A,2012,6.406685237,,NOR_2012
NOR,WAGEGAP,EMPLOYEE,PC,A,2013,7.008086253,,NOR_2013
NOR,WAGEGAP,EMPLOYEE,PC,A,2014,6.282722513,,NOR_2014
NOR,WAGEGAP,EMPLOYEE,PC,A,2015,7.124681934,,NOR_2015
POL,WAGEGAP,EMPLOYEE,PC,A,1991,20.14881718,,POL_1991
POL,WAGEGAP,EMPLOYEE,PC,A,1992,17.24770506,,POL_1992
POL,WAGEGAP,EMPLOYEE,PC,A,1993,20.02866825,,POL_1993
POL,WAGEGAP,EMPLOYEE,PC,A,1994,18.85394398,,POL_1994
POL,WAGEGAP,EMPLOYEE,PC,A,1995,20.10461352,,POL_1995
POL,WAGEGAP,EMPLOYEE,PC,A,1996,20.46569513,,POL_1996
POL,WAGEGAP,EMPLOYEE,PC,A,1997,18.56877152,,POL_1997
POL,WAGEGAP,EMPLOYEE,PC,A,1998,19.1076226,,POL_1998
POL,WAGEGAP,EMPLOYEE,PC,A,1999,17.55932069,,POL_1999
POL,WAGEGAP,EMPLOYEE,PC,A,2001,14.29974246,,POL_2001
POL,WAGEGAP,EMPLOYEE,PC,A,2002,11.31595541,,POL_2002
POL,WAGEGAP,EMPLOYEE,PC,A,2004,10.63884891,,POL_2004
POL,WAGEGAP,EMPLOYEE,PC,A,2006,11.44042048,,POL_2006
POL,WAGEGAP,EMPLOYEE,PC,A,2008,12.99382224,,POL_2008
POL,WAGEGAP,EMPLOYEE,PC,A,2010,7.190207044,,POL_2010
POL,WAGEGAP,EMPLOYEE,PC,A,2012,10.62015527,,POL_2012
POL,WAGEGAP,EMPLOYEE,PC,A,2014,11.07286288,,POL_2014
POL,WAGEGAP,EMPLOYEE,PC,A,2016,9.417880936,,POL_2016
PRT,WAGEGAP,EMPLOYEE,PC,A,2004,13.03030352,,PRT_2004
PRT,WAGEGAP,EMPLOYEE,PC,A,2005,15.9663881,,PRT_2005
PRT,WAGEGAP,EMPLOYEE,PC,A,2006,14.3548395,,PRT_2006
PRT,WAGEGAP,EMPLOYEE,PC,A,2007,15.27777972,,PRT_2007
PRT,WAGEGAP,EMPLOYEE,PC,A,2008,15.63548277,,PRT_2008
PRT,WAGEGAP,EMPLOYEE,PC,A,2009,13.79250058,,PRT_2009
PRT,WAGEGAP,EMPLOYEE,PC,A,2010,13.45086773,,PRT_2010
PRT,WAGEGAP,EMPLOYEE,PC,A,2011,15.24812255,,PRT_2011
PRT,WAGEGAP,EMPLOYEE,PC,A,2012,16.3154649,,PRT_2012
PRT,WAGEGAP,EMPLOYEE,PC,A,2013,16.66666667,,PRT_2013
PRT,WAGEGAP,EMPLOYEE,PC,A,2014,18.87969014,,PRT_2014
PRT,WAGEGAP,EMPLOYEE,PC,A,2015,18.9170164,,PRT_2015
PRT,WAGEGAP,EMPLOYEE,PC,A,2016,14.31314608,,PRT_2016
PRT,WAGEGAP,EMPLOYEE,PC,A,2017,14.77351071,,PRT_2017
SVK,WAGEGAP,EMPLOYEE,PC,A,2002,20.35516093,,SVK_2002
SVK,WAGEGAP,EMPLOYEE,PC,A,2003,20.68965517,,SVK_2003
SVK,WAGEGAP,EMPLOYEE,PC,A,2004,20.88376561,,SVK_2004
SVK,WAGEGAP,EMPLOYEE,PC,A,2005,20.09925558,,SVK_2005
SVK,WAGEGAP,EMPLOYEE,PC,A,2006,17.80276817,,SVK_2006
SVK,WAGEGAP,EMPLOYEE,PC,A,2007,17.52170482,,SVK_2007
SVK,WAGEGAP,EMPLOYEE,PC,A,2008,16.44476957,,SVK_2008
SVK,WAGEGAP,EMPLOYEE,PC,A,2009,16.43272126,,SVK_2009
SVK,WAGEGAP,EMPLOYEE,PC,A,2010,14.85111765,,SVK_2010
SVK,WAGEGAP,EMPLOYEE,PC,A,2011,15.44985643,,SVK_2011
SVK,WAGEGAP,EMPLOYEE,PC,A,2012,15.96526916,,SVK_2012
SVK,WAGEGAP,EMPLOYEE,PC,A,2013,14.10932976,,SVK_2013
SVK,WAGEGAP,EMPLOYEE,PC,A,2014,14.35004753,,SVK_2014
SVK,WAGEGAP,EMPLOYEE,PC,A,2015,13.37662489,,SVK_2015
SVK,WAGEGAP,EMPLOYEE,PC,A,2016,13.89918214,,SVK_2016
SVK,WAGEGAP,EMPLOYEE,PC,A,2017,15.04004233,,SVK_2017
SVK,WAGEGAP,EMPLOYEE,PC,A,2018,15.66208013,,SVK_2018
ESP,WAGEGAP,EMPLOYEE,PC,A,2002,17.16196137,,ESP_2002
ESP,WAGEGAP,EMPLOYEE,PC,A,2006,13.53333333,,ESP_2006
ESP,WAGEGAP,EMPLOYEE,PC,A,2010,13.50446429,,ESP_2010
ESP,WAGEGAP,EMPLOYEE,PC,A,2014,11.54049762,,ESP_2014
SWE,WAGEGAP,EMPLOYEE,PC,A,1995,9.677419355,,SWE_1995
SWE,WAGEGAP,EMPLOYEE,PC,A,1996,11.51515152,,SWE_1996
SWE,WAGEGAP,EMPLOYEE,PC,A,1997,11.56069364,,SWE_1997
SWE,WAGEGAP,EMPLOYEE,PC,A,1998,12.77777778,,SWE_1998
SWE,WAGEGAP,EMPLOYEE,PC,A,1999,11.82795699,,SWE_1999
SWE,WAGEGAP,EMPLOYEE,PC,A,2000,12.37113402,,SWE_2000
SWE,WAGEGAP,EMPLOYEE,PC,A,2001,12.37623762,,SWE_2001
SWE,WAGEGAP,EMPLOYEE,PC,A,2002,11.90476191,,SWE_2002
SWE,WAGEGAP,EMPLOYEE,PC,A,2003,11.52073733,,SWE_2003
SWE,WAGEGAP,EMPLOYEE,PC,A,2004,10.76233184,,SWE_2004
SWE,WAGEGAP,EMPLOYEE,PC,A,2005,11.30434783,,SWE_2005
SWE,WAGEGAP,EMPLOYEE,PC,A,2006,11.01694915,,SWE_2006
SWE,WAGEGAP,EMPLOYEE,PC,A,2007,11.83673469,,SWE_2007
SWE,WAGEGAP,EMPLOYEE,PC,A,2008,10.58823529,,SWE_2008
SWE,WAGEGAP,EMPLOYEE,PC,A,2009,9.541984733,,SWE_2009
SWE,WAGEGAP,EMPLOYEE,PC,A,2010,9.36329588,,SWE_2010
SWE,WAGEGAP,EMPLOYEE,PC,A,2011,9.157509158,,SWE_2011
SWE,WAGEGAP,EMPLOYEE,PC,A,2012,9.285714286,,SWE_2012
SWE,WAGEGAP,EMPLOYEE,PC,A,2013,9.375,,SWE_2013
SWE,WAGEGAP,EMPLOYEE,PC,A,2014,9.152542373,,SWE_2014
SWE,WAGEGAP,EMPLOYEE,PC,A,2015,8.333333333,,SWE_2015
SWE,WAGEGAP,EMPLOYEE,PC,A,2016,8.169934641,,SWE_2016
SWE,WAGEGAP,EMPLOYEE,PC,A,2017,7.348242812,,SWE_2017
SWE,WAGEGAP,EMPLOYEE,PC,A,2018,7.142857143,,SWE_2018
CHE,WAGEGAP,EMPLOYEE,PC,A,1996,25.47202797,,CHE_1996
CHE,WAGEGAP,EMPLOYEE,PC,A,1998,24.12242781,,CHE_1998
CHE,WAGEGAP,EMPLOYEE,PC,A,2000,23.78714118,,CHE_2000
CHE,WAGEGAP,EMPLOYEE,PC,A,2002,22.80161943,,CHE_2002
CHE,WAGEGAP,EMPLOYEE,PC,A,2004,22.012478,,CHE_2004
CHE,WAGEGAP,EMPLOYEE,PC,A,2006,21.31813213,,CHE_2006
CHE,WAGEGAP,EMPLOYEE,PC,A,2008,21.30750605,,CHE_2008
CHE,WAGEGAP,EMPLOYEE,PC,A,2010,20.05359536,,CHE_2010
CHE,WAGEGAP,EMPLOYEE,PC,A,2012,19.34352644,,CHE_2012
CHE,WAGEGAP,EMPLOYEE,PC,A,2014,16.94074284,,CHE_2014
CHE,WAGEGAP,EMPLOYEE,PC,A,2016,14.76237207,,CHE_2016
TUR,WAGEGAP,EMPLOYEE,PC,A,2006,3.206997085,,TUR_2006
TUR,WAGEGAP,EMPLOYEE,PC,A,2010,3.10421286,,TUR_2010
TUR,WAGEGAP,EMPLOYEE,PC,A,2014,6.882591093,,TUR_2014
GBR,WAGEGAP,EMPLOYEE,PC,A,1970,47.57803918,,GBR_1970
GBR,WAGEGAP,EMPLOYEE,PC,A,1971,45.52742185,,GBR_1971
GBR,WAGEGAP,EMPLOYEE,PC,A,1972,45.67779473,,GBR_1972
GBR,WAGEGAP,EMPLOYEE,PC,A,1973,46.37872641,,GBR_1973
GBR,WAGEGAP,EMPLOYEE,PC,A,1974,44.42223433,,GBR_1974
GBR,WAGEGAP,EMPLOYEE,PC,A,1975,39.85541472,,GBR_1975
GBR,WAGEGAP,EMPLOYEE,PC,A,1976,36.55030194,,GBR_1976
GBR,WAGEGAP,EMPLOYEE,PC,A,1977,35.78836762,,GBR_1977
GBR,WAGEGAP,EMPLOYEE,PC,A,1978,37.47486876,,GBR_1978
GBR,WAGEGAP,EMPLOYEE,PC,A,1979,38.29523952,,GBR_1979
GBR,WAGEGAP,EMPLOYEE,PC,A,1980,36.68858597,,GBR_1980
GBR,WAGEGAP,EMPLOYEE,PC,A,1981,35.4268123,,GBR_1981
GBR,WAGEGAP,EMPLOYEE,PC,A,1982,35.65961949,,GBR_1982
GBR,WAGEGAP,EMPLOYEE,PC,A,1983,34.56728192,,GBR_1983
GBR,WAGEGAP,EMPLOYEE,PC,A,1984,35.08152659,,GBR_1984
GBR,WAGEGAP,EMPLOYEE,PC,A,1985,35.12011437,,GBR_1985
GBR,WAGEGAP,EMPLOYEE,PC,A,1986,34.93850632,,GBR_1986
GBR,WAGEGAP,EMPLOYEE,PC,A,1987,34.51295439,,GBR_1987
GBR,WAGEGAP,EMPLOYEE,PC,A,1988,34.04572949,,GBR_1988
GBR,WAGEGAP,EMPLOYEE,PC,A,1989,33.73065917,,GBR_1989
GBR,WAGEGAP,EMPLOYEE,PC,A,1990,32.74495595,,GBR_1990
GBR,WAGEGAP,EMPLOYEE,PC,A,1991,31.07547805,,GBR_1991
GBR,WAGEGAP,EMPLOYEE,PC,A,1992,29.9466794,,GBR_1992
GBR,WAGEGAP,EMPLOYEE,PC,A,1993,28.71901926,,GBR_1993
GBR,WAGEGAP,EMPLOYEE,PC,A,1994,28.07971854,,GBR_1994
GBR,WAGEGAP,EMPLOYEE,PC,A,1995,28.19283491,,GBR_1995
GBR,WAGEGAP,EMPLOYEE,PC,A,1996,27.21841089,,GBR_1996
GBR,WAGEGAP,EMPLOYEE,PC,A,1997,26.91907015,,GBR_1997
GBR,WAGEGAP,EMPLOYEE,PC,A,1998,27.03529422,,GBR_1998
GBR,WAGEGAP,EMPLOYEE,PC,A,1999,26.08972842,,GBR_1999
GBR,WAGEGAP,EMPLOYEE,PC,A,2000,26.28031383,,GBR_2000
GBR,WAGEGAP,EMPLOYEE,PC,A,2001,25.6396459,,GBR_2001
GBR,WAGEGAP,EMPLOYEE,PC,A,2002,24.37909944,,GBR_2002
GBR,WAGEGAP,EMPLOYEE,PC,A,2003,24.12446709,,GBR_2003
GBR,WAGEGAP,EMPLOYEE,PC,A,2004,23.35874097,,GBR_2004
GBR,WAGEGAP,EMPLOYEE,PC,A,2005,22.0639582,,GBR_2005
GBR,WAGEGAP,EMPLOYEE,PC,A,2006,21.71808402,,GBR_2006
GBR,WAGEGAP,EMPLOYEE,PC,A,2007,21.63478071,,GBR_2007
GBR,WAGEGAP,EMPLOYEE,PC,A,2008,21.85786911,,GBR_2008
GBR,WAGEGAP,EMPLOYEE,PC,A,2009,20.68629595,,GBR_2009
GBR,WAGEGAP,EMPLOYEE,PC,A,2010,19.23143692,,GBR_2010
GBR,WAGEGAP,EMPLOYEE,PC,A,2011,18.2460052,,GBR_2011
GBR,WAGEGAP,EMPLOYEE,PC,A,2012,17.78388278,,GBR_2012
GBR,WAGEGAP,EMPLOYEE,PC,A,2013,17.48201439,,GBR_2013
GBR,WAGEGAP,EMPLOYEE,PC,A,2014,17.38274257,,GBR_2014
GBR,WAGEGAP,EMPLOYEE,PC,A,2015,17.10155148,,GBR_2015
GBR,WAGEGAP,EMPLOYEE,PC,A,2016,16.7965368,,GBR_2016
GBR,WAGEGAP,EMPLOYEE,PC,A,2017,16.53410053,,GBR_2017
GBR,WAGEGAP,EMPLOYEE,PC,A,2018,16.40394089,,GBR_2018
USA,WAGEGAP,EMPLOYEE,PC,A,1973,38.1104034,,USA_1973
USA,WAGEGAP,EMPLOYEE,PC,A,1974,39.10068426,,USA_1974
USA,WAGEGAP,EMPLOYEE,PC,A,1975,37.63003166,,USA_1975
USA,WAGEGAP,EMPLOYEE,PC,A,1976,37.7559727,,USA_1976
USA,WAGEGAP,EMPLOYEE,PC,A,1977,38.22485207,,USA_1977
USA,WAGEGAP,EMPLOYEE,PC,A,1978,38.97247706,,USA_1978
USA,WAGEGAP,EMPLOYEE,PC,A,1979,37.64195057,,USA_1979
USA,WAGEGAP,EMPLOYEE,PC,A,1980,36.55215104,,USA_1980
USA,WAGEGAP,EMPLOYEE,PC,A,1981,35.17400058,,USA_1981
USA,WAGEGAP,EMPLOYEE,PC,A,1982,34.72409152,,USA_1982
USA,WAGEGAP,EMPLOYEE,PC,A,1983,34.28645028,,USA_1983
USA,WAGEGAP,EMPLOYEE,PC,A,1984,33.43217198,,USA_1984
USA,WAGEGAP,EMPLOYEE,PC,A,1985,32.9782197,,USA_1985
USA,WAGEGAP,EMPLOYEE,PC,A,1986,32.19021491,,USA_1986
USA,WAGEGAP,EMPLOYEE,PC,A,1987,31.02222222,,USA_1987
USA,WAGEGAP,EMPLOYEE,PC,A,1988,30.06917423,,USA_1988
USA,WAGEGAP,EMPLOYEE,PC,A,1989,29.36357908,,USA_1989
USA,WAGEGAP,EMPLOYEE,PC,A,1990,28.45544956,,USA_1990
USA,WAGEGAP,EMPLOYEE,PC,A,1991,26.57109191,,USA_1991
USA,WAGEGAP,EMPLOYEE,PC,A,1992,25.05773672,,USA_1992
USA,WAGEGAP,EMPLOYEE,PC,A,1993,23.87640449,,USA_1993
USA,WAGEGAP,EMPLOYEE,PC,A,1994,23.88451444,,USA_1994
USA,WAGEGAP,EMPLOYEE,PC,A,1995,24.57998539,,USA_1995
USA,WAGEGAP,EMPLOYEE,PC,A,1996,23.82394868,,USA_1996
USA,WAGEGAP,EMPLOYEE,PC,A,1997,23.78649162,,USA_1997
USA,WAGEGAP,EMPLOYEE,PC,A,1998,23.7458194,,USA_1998
USA,WAGEGAP,EMPLOYEE,PC,A,1999,23.46278317,,USA_1999
USA,WAGEGAP,EMPLOYEE,PC,A,2000,23.08892356,,USA_2000
USA,WAGEGAP,EMPLOYEE,PC,A,2001,23.58208955,,USA_2001
USA,WAGEGAP,EMPLOYEE,PC,A,2002,22.09131075,,USA_2002
USA,WAGEGAP,EMPLOYEE,PC,A,2003,20.57553957,,USA_2003
USA,WAGEGAP,EMPLOYEE,PC,A,2004,19.63534362,,USA_2004
USA,WAGEGAP,EMPLOYEE,PC,A,2005,18.97506925,,USA_2005
USA,WAGEGAP,EMPLOYEE,PC,A,2006,19.24629879,,USA_2006
USA,WAGEGAP,EMPLOYEE,PC,A,2007,19.84334204,,USA_2007
USA,WAGEGAP,EMPLOYEE,PC,A,2008,20.05012531,,USA_2008
USA,WAGEGAP,EMPLOYEE,PC,A,2009,19.78021978,,USA_2009
USA,WAGEGAP,EMPLOYEE,PC,A,2010,18.81067961,,USA_2010
USA,WAGEGAP,EMPLOYEE,PC,A,2011,17.78846154,,USA_2011
USA,WAGEGAP,EMPLOYEE,PC,A,2012,19.08665105,,USA_2012
USA,WAGEGAP,EMPLOYEE,PC,A,2013,17.90697674,,USA_2013
USA,WAGEGAP,EMPLOYEE,PC,A,2014,17.45120551,,USA_2014
USA,WAGEGAP,EMPLOYEE,PC,A,2015,18.88268156,,USA_2015
USA,WAGEGAP,EMPLOYEE,PC,A,2016,18.1420765,,USA_2016
USA,WAGEGAP,EMPLOYEE,PC,A,2017,18.17215728,,USA_2017
USA,WAGEGAP,EMPLOYEE,PC,A,2018,18.91058582,,USA_2018
BGR,WAGEGAP,EMPLOYEE,PC,A,2002,13.09560644,,BGR_2002
BGR,WAGEGAP,EMPLOYEE,PC,A,2006,1.379310345,,BGR_2006
BGR,WAGEGAP,EMPLOYEE,PC,A,2010,6.934306569,,BGR_2010
BGR,WAGEGAP,EMPLOYEE,PC,A,2014,4.0625,,BGR_2014
CHL,WAGEGAP,EMPLOYEE,PC,A,1998,14.28571429,,CHL_1998
CHL,WAGEGAP,EMPLOYEE,PC,A,2000,6.0729,,CHL_2000
CHL,WAGEGAP,EMPLOYEE,PC,A,2003,1.683183892,,CHL_2003
CHL,WAGEGAP,EMPLOYEE,PC,A,2006,5.555555556,,CHL_2006
CHL,WAGEGAP,EMPLOYEE,PC,A,2009,9.090909091,,CHL_2009
CHL,WAGEGAP,EMPLOYEE,PC,A,2011,16,,CHL_2011
CHL,WAGEGAP,EMPLOYEE,PC,A,2013,10.66666667,,CHL_2013
CHL,WAGEGAP,EMPLOYEE,PC,A,2015,14.28571429,,CHL_2015
CHL,WAGEGAP,EMPLOYEE,PC,A,2017,12.5,,CHL_2017
COL,WAGEGAP,EMPLOYEE,PC,A,2007,1.339317018,,COL_2007
COL,WAGEGAP,EMPLOYEE,PC,A,2008,1.739690722,,COL_2008
COL,WAGEGAP,EMPLOYEE,PC,A,2009,3.384675171,,COL_2009
COL,WAGEGAP,EMPLOYEE,PC,A,2010,6.430555556,,COL_2010
COL,WAGEGAP,EMPLOYEE,PC,A,2011,3.534808419,,COL_2011
COL,WAGEGAP,EMPLOYEE,PC,A,2012,8.197946776,,COL_2012
COL,WAGEGAP,EMPLOYEE,PC,A,2013,7.142857143,,COL_2013
COL,WAGEGAP,EMPLOYEE,PC,A,2014,9.6,,COL_2014
COL,WAGEGAP,EMPLOYEE,PC,A,2015,11.14171573,,COL_2015
COL,WAGEGAP,EMPLOYEE,PC,A,2016,7.091750669,,COL_2016
COL,WAGEGAP,EMPLOYEE,PC,A,2017,7.692307692,,COL_2017
COL,WAGEGAP,EMPLOYEE,PC,A,2018,5.787925926,,COL_2018
CRI,WAGEGAP,EMPLOYEE,PC,A,2010,0,,CRI_2010
CRI,WAGEGAP,EMPLOYEE,PC,A,2011,4.630681818,,CRI_2011
CRI,WAGEGAP,EMPLOYEE,PC,A,2012,0.552486188,,CRI_2012
CRI,WAGEGAP,EMPLOYEE,PC,A,2013,0,,CRI_2013
CRI,WAGEGAP,EMPLOYEE,PC,A,2014,5.149700599,,CRI_2014
CRI,WAGEGAP,EMPLOYEE,PC,A,2015,3.703703704,,CRI_2015
CRI,WAGEGAP,EMPLOYEE,PC,A,2016,1.785714286,,CRI_2016
CRI,WAGEGAP,EMPLOYEE,PC,A,2017,2.967032967,,CRI_2017
CRI,WAGEGAP,EMPLOYEE,PC,A,2018,4.725274725,,CRI_2018
HRV,WAGEGAP,EMPLOYEE,PC,A,2010,3.832335329,,HRV_2010
CYP,WAGEGAP,EMPLOYEE,PC,A,2002,31.39994632,,CYP_2002
CYP,WAGEGAP,EMPLOYEE,PC,A,2006,30.26689381,,CYP_2006
CYP,WAGEGAP,EMPLOYEE,PC,A,2010,24.60099064,,CYP_2010
CYP,WAGEGAP,EMPLOYEE,PC,A,2014,13.40923466,,CYP_2014
EST,WAGEGAP,EMPLOYEE,PC,A,2002,25.00065194,,EST_2002
EST,WAGEGAP,EMPLOYEE,PC,A,2006,29.6875,,EST_2006
EST,WAGEGAP,EMPLOYEE,PC,A,2010,27.79783394,,EST_2010
EST,WAGEGAP,EMPLOYEE,PC,A,2014,28.33935018,,EST_2014
ISR,WAGEGAP,EMPLOYEE,PC,A,2001,27.97471833,,ISR_2001
ISR,WAGEGAP,EMPLOYEE,PC,A,2002,24.20761246,,ISR_2002
ISR,WAGEGAP,EMPLOYEE,PC,A,2003,25.32531132,,ISR_2003
ISR,WAGEGAP,EMPLOYEE,PC,A,2004,25.01352814,,ISR_2004
ISR,WAGEGAP,EMPLOYEE,PC,A,2005,21.92439863,,ISR_2005
ISR,WAGEGAP,EMPLOYEE,PC,A,2006,21.95521573,,ISR_2006
ISR,WAGEGAP,EMPLOYEE,PC,A,2007,20.40924794,,ISR_2007
ISR,WAGEGAP,EMPLOYEE,PC,A,2008,22.05882353,,ISR_2008
ISR,WAGEGAP,EMPLOYEE,PC,A,2009,21.13599802,,ISR_2009
ISR,WAGEGAP,EMPLOYEE,PC,A,2010,20.39157739,,ISR_2010
ISR,WAGEGAP,EMPLOYEE,PC,A,2011,19.65966691,,ISR_2011
ISR,WAGEGAP,EMPLOYEE,PC,A,2012,20,,ISR_2012
ISR,WAGEGAP,EMPLOYEE,PC,A,2013,20.34590182,,ISR_2013
ISR,WAGEGAP,EMPLOYEE,PC,A,2014,20.1081412,,ISR_2014
ISR,WAGEGAP,EMPLOYEE,PC,A,2015,20.43918919,,ISR_2015
ISR,WAGEGAP,EMPLOYEE,PC,A,2016,21.59333204,,ISR_2016
ISR,WAGEGAP,EMPLOYEE,PC,A,2017,21.79178994,,ISR_2017
LVA,WAGEGAP,EMPLOYEE,PC,A,2002,18.91955557,,LVA_2002
LVA,WAGEGAP,EMPLOYEE,PC,A,2006,10.99195711,,LVA_2006
LVA,WAGEGAP,EMPLOYEE,PC,A,2010,19.05564924,,LVA_2010
LVA,WAGEGAP,EMPLOYEE,PC,A,2014,21.12299465,,LVA_2014
LTU,WAGEGAP,EMPLOYEE,PC,A,2002,14.63135637,,LTU_2002
LTU,WAGEGAP,EMPLOYEE,PC,A,2006,15.95238095,,LTU_2006
LTU,WAGEGAP,EMPLOYEE,PC,A,2010,10.64257028,,LTU_2010
LTU,WAGEGAP,EMPLOYEE,PC,A,2014,12.47974068,,LTU_2014
MLT,WAGEGAP,EMPLOYEE,PC,A,2002,13.55573327,,MLT_2002
MLT,WAGEGAP,EMPLOYEE,PC,A,2006,7.440719542,,MLT_2006
MLT,WAGEGAP,EMPLOYEE,PC,A,2010,7.067879636,,MLT_2010
MLT,WAGEGAP,EMPLOYEE,PC,A,2014,8.989460632,,MLT_2014
ROU,WAGEGAP,EMPLOYEE,PC,A,2002,15.60415122,,ROU_2002
ROU,WAGEGAP,EMPLOYEE,PC,A,2006,9.541984733,,ROU_2006
ROU,WAGEGAP,EMPLOYEE,PC,A,2010,9.631728045,,ROU_2010
ROU,WAGEGAP,EMPLOYEE,PC,A,2014,1.546391753,,ROU_2014
SVN,WAGEGAP,EMPLOYEE,PC,A,2002,9.405241223,,SVN_2002
SVN,WAGEGAP,EMPLOYEE,PC,A,2006,7.220573689,,SVN_2006
SVN,WAGEGAP,EMPLOYEE,PC,A,2010,0.991735537,,SVN_2010
SVN,WAGEGAP,EMPLOYEE,PC,A,2014,4.996271439,,SVN_2014
OECD,WAGEGAP,EMPLOYEE,PC,A,1995,18.57203168,,OECD_1995
OECD,WAGEGAP,EMPLOYEE,PC,A,1996,18.74200426,,OECD_1996
OECD,WAGEGAP,EMPLOYEE,PC,A,1997,18.36476135,,OECD_1997
OECD,WAGEGAP,EMPLOYEE,PC,A,1998,18.1460306,,OECD_1998
OECD,WAGEGAP,EMPLOYEE,PC,A,1999,17.80187718,,OECD_1999
OECD,WAGEGAP,EMPLOYEE,PC,A,2000,17.55097891,,OECD_2000
OECD,WAGEGAP,EMPLOYEE,PC,A,2001,17.35813244,,OECD_2001
OECD,WAGEGAP,EMPLOYEE,PC,A,2002,16.85097237,,OECD_2002
OECD,WAGEGAP,EMPLOYEE,PC,A,2003,16.22687832,,OECD_2003
OECD,WAGEGAP,EMPLOYEE,PC,A,2004,16.07167288,,OECD_2004
OECD,WAGEGAP,EMPLOYEE,PC,A,2005,15.76458421,,OECD_2005
OECD,WAGEGAP,EMPLOYEE,PC,A,2006,15.4549345,,OECD_2006
OECD,WAGEGAP,EMPLOYEE,PC,A,2007,15.30975993,,OECD_2007
OECD,WAGEGAP,EMPLOYEE,PC,A,2008,15.33596719,,OECD_2008
OECD,WAGEGAP,EMPLOYEE,PC,A,2009,14.82564416,,OECD_2009
OECD,WAGEGAP,EMPLOYEE,PC,A,2010,14.40828509,,OECD_2010
OECD,WAGEGAP,EMPLOYEE,PC,A,2011,14.24933289,,OECD_2011
OECD,WAGEGAP,EMPLOYEE,PC,A,2012,14.25096288,,OECD_2012
OECD,WAGEGAP,EMPLOYEE,PC,A,2013,14.25818054,,OECD_2013
OECD,WAGEGAP,EMPLOYEE,PC,A,2014,14.01559937,,OECD_2014
OECD,WAGEGAP,EMPLOYEE,PC,A,2015,13.86897397,,OECD_2015
OECD,WAGEGAP,EMPLOYEE,PC,A,2016,13.429629,,OECD_2016
OECD,WAGEGAP,EMPLOYEE,PC,A,2017,13.17700735,,OECD_2017